SimTime,RunTag,Config,GraphName,N,HW_Scale_Factor,HW_Scale_Var,Comm_Scale_Var,Area_Percentage,Seed,LB_Naive,random_opt_cost,random_opt_ratio,random_partition_cost,random_bb,random_makespan,random_time,random_dag_makespan,random_lssp_makespan,random_lssp_swprio_makespan,random_best_makespan,greedy_opt_cost,greedy_opt_ratio,greedy_partition_cost,greedy_bb,greedy_makespan,greedy_time,greedy_dag_makespan,greedy_lssp_makespan,greedy_lssp_swprio_makespan,greedy_best_makespan,diff_gnn_opt_cost,diff_gnn_opt_ratio,diff_gnn_partition_cost,diff_gnn_bb,diff_gnn_makespan,diff_gnn_time,diff_gnn_dag_makespan,diff_gnn_lssp_makespan,diff_gnn_lssp_swprio_makespan,diff_gnn_best_makespan,diff_gnn_order_opt_cost,diff_gnn_order_opt_ratio,diff_gnn_order_partition_cost,diff_gnn_order_bb,diff_gnn_order_makespan,diff_gnn_order_time,diff_gnn_order_dag_makespan,diff_gnn_order_lssp_makespan,diff_gnn_order_lssp_swprio_makespan,diff_gnn_order_best_makespan,gcps_opt_cost,gcps_opt_ratio,gcps_partition_cost,gcps_bb,gcps_makespan,gcps_time,gcps_dag_makespan,gcps_lssp_makespan,gcps_lssp_swprio_makespan,gcps_best_makespan,pso_opt_cost,pso_opt_ratio,pso_partition_cost,pso_bb,pso_makespan,pso_time,pso_dag_makespan,pso_lssp_makespan,pso_lssp_swprio_makespan,pso_best_makespan,dbpso_opt_cost,dbpso_opt_ratio,dbpso_partition_cost,dbpso_bb,dbpso_makespan,dbpso_time,dbpso_dag_makespan,dbpso_lssp_makespan,dbpso_lssp_swprio_makespan,dbpso_best_makespan,clpso_opt_cost,clpso_opt_ratio,clpso_partition_cost,clpso_bb,clpso_makespan,clpso_time,clpso_dag_makespan,clpso_lssp_makespan,clpso_lssp_swprio_makespan,clpso_best_makespan,ccpso_opt_cost,ccpso_opt_ratio,ccpso_partition_cost,ccpso_bb,ccpso_makespan,ccpso_time,ccpso_dag_makespan,ccpso_lssp_makespan,ccpso_lssp_swprio_makespan,ccpso_best_makespan,esa_opt_cost,esa_opt_ratio,esa_partition_cost,esa_bb,esa_makespan,esa_time,esa_dag_makespan,esa_lssp_makespan,esa_lssp_swprio_makespan,esa_best_makespan,shade_opt_cost,shade_opt_ratio,shade_partition_cost,shade_bb,shade_makespan,shade_time,shade_dag_makespan,shade_lssp_makespan,shade_lssp_swprio_makespan,shade_best_makespan,jade_opt_cost,jade_opt_ratio,jade_partition_cost,jade_bb,jade_makespan,jade_time,jade_dag_makespan,jade_lssp_makespan,jade_lssp_swprio_makespan,jade_best_makespan,gl25_opt_cost,gl25_opt_ratio,gl25_partition_cost,gl25_bb,gl25_makespan,gl25_time,gl25_dag_makespan,gl25_lssp_makespan,gl25_lssp_swprio_makespan,gl25_best_makespan,pso_solution_valid,pso_initial_solution_valid,pso_was_repaired,pso_num_repaired_nodes,pso_repair_strategy,pso_area_used,pso_area_budget,pso_validity_note
2026-04-06 16:58:12,20260406-164412,001__squeeze_net_tosa_area-0.50_hwscale-0.10_hwvar-0.50_comm-1.00_seed-42,inputs/task_graph_topology/soda-benchmark-graphs/pytorch-graphs/squeeze_net_tosa.dot,179,0.1,0.5,1.0,0.5,42,863.2964840752181,,,,,,,,,,,,,,,,,,,,,,,,,,,,,,,,,,,,,,,,,,,,,,,,,,,8091.527058741146,9.372825220537026,13451.855173883232,optimize_swarm_makespan_mip,9202.982198282978,1.6047427654266357,8091.527058741146,9202.982198282978,,8091.527058741146,,,,,,,,,,,,,,,,,,,,,,,,,,,,,,,,,,,,,,,,,,,,,,,,,,,,,,,,,,,,,,,,,,,,,,,True,True,False,0,,2064.1509889913864,4831.909135635894,Valid solution; no area repair needed.
2026-04-06 16:58:14,20260406-164412,002__squeeze_net_tosa_area-0.50_hwscale-0.10_hwvar-0.50_comm-1.00_seed-43,inputs/task_graph_topology/soda-benchmark-graphs/pytorch-graphs/squeeze_net_tosa.dot,179,0.1,0.5,1.0,0.5,43,924.8477550363816,,,,,,,,,,,,,,,,,,,,,,,,,,,,,,,,,,,,,,,,,,,,,,,,,,,8261.15213681835,8.932445466652371,15569.911421844907,optimize_swarm_makespan_mip,12327.75749811375,1.5903372764587402,8261.15213681835,12327.75749811375,,8261.15213681835,,,,,,,,,,,,,,,,,,,,,,,,,,,,,,,,,,,,,,,,,,,,,,,,,,,,,,,,,,,,,,,,,,,,,,,True,True,False,0,,4066.862377289592,4227.262669600499,Valid solution; no area repair needed.
2026-04-06 16:58:15,20260406-164412,003__squeeze_net_tosa_area-0.50_hwscale-0.10_hwvar-0.50_comm-1.00_seed-44,inputs/task_graph_topology/soda-benchmark-graphs/pytorch-graphs/squeeze_net_tosa.dot,179,0.1,0.5,1.0,0.5,44,880.3975676869239,,,,,,,,,,,,,,,,,,,,,,,,,,,,,,,,,,,,,,,,,,,,,,,,,,,8276.15274249228,9.40047206654181,13010.677331727298,optimize_swarm_makespan_mip,8551.840838568223,1.583003282546997,8276.15274249228,8551.840838568223,,8276.15274249228,,,,,,,,,,,,,,,,,,,,,,,,,,,,,,,,,,,,,,,,,,,,,,,,,,,,,,,,,,,,,,,,,,,,,,,True,True,False,0,,863.0601046317364,4392.019511467874,Valid solution; no area repair needed.
2026-04-06 16:58:17,20260406-164412,004__squeeze_net_tosa_area-0.50_hwscale-0.10_hwvar-0.50_comm-1.00_seed-45,inputs/task_graph_topology/soda-benchmark-graphs/pytorch-graphs/squeeze_net_tosa.dot,179,0.1,0.5,1.0,0.5,45,944.9410604384876,,,,,,,,,,,,,,,,,,,,,,,,,,,,,,,,,,,,,,,,,,,,,,,,,,,8252.90800651255,8.73378071081269,16638.27719679789,optimize_swarm_makespan_mip,10520.501159477179,1.573730707168579,8252.90800651255,10520.501159477179,,8252.90800651255,,,,,,,,,,,,,,,,,,,,,,,,,,,,,,,,,,,,,,,,,,,,,,,,,,,,,,,,,,,,,,,,,,,,,,,True,True,False,0,,1550.1072301228724,4601.8752884145915,Valid solution; no area repair needed.
2026-04-06 16:58:19,20260406-164412,005__squeeze_net_tosa_area-0.50_hwscale-0.10_hwvar-0.50_comm-1.00_seed-46,inputs/task_graph_topology/soda-benchmark-graphs/pytorch-graphs/squeeze_net_tosa.dot,179,0.1,0.5,1.0,0.5,46,891.069723087352,,,,,,,,,,,,,,,,,,,,,,,,,,,,,,,,,,,,,,,,,,,,,,,,,,,7933.794703004533,8.903674423496016,12858.063836072435,optimize_swarm_makespan_mip,8431.018207176621,1.5913305282592773,7933.794703004533,8431.018207176621,,7933.794703004533,,,,,,,,,,,,,,,,,,,,,,,,,,,,,,,,,,,,,,,,,,,,,,,,,,,,,,,,,,,,,,,,,,,,,,,True,True,False,0,,1471.4914089207462,4663.570346349742,Valid solution; no area repair needed.
2026-04-06 16:58:21,20260406-164412,006__squeeze_net_tosa_area-0.50_hwscale-0.10_hwvar-0.50_comm-1.00_seed-47,inputs/task_graph_topology/soda-benchmark-graphs/pytorch-graphs/squeeze_net_tosa.dot,179,0.1,0.5,1.0,0.5,47,897.9128028241038,,,,,,,,,,,,,,,,,,,,,,,,,,,,,,,,,,,,,,,,,,,,,,,,,,,8520.597962707601,9.489337868787176,17248.918149056884,optimize_swarm_makespan_mip,13247.768646453567,1.5903863906860352,8520.597962707601,13247.768646453567,,8520.597962707601,,,,,,,,,,,,,,,,,,,,,,,,,,,,,,,,,,,,,,,,,,,,,,,,,,,,,,,,,,,,,,,,,,,,,,,True,True,False,0,,4172.168961546091,4700.610616778848,Valid solution; no area repair needed.
2026-04-06 16:58:23,20260406-164412,007__squeeze_net_tosa_area-0.50_hwscale-0.10_hwvar-0.50_comm-1.00_seed-48,inputs/task_graph_topology/soda-benchmark-graphs/pytorch-graphs/squeeze_net_tosa.dot,179,0.1,0.5,1.0,0.5,48,868.9695660295871,,,,,,,,,,,,,,,,,,,,,,,,,,,,,,,,,,,,,,,,,,,,,,,,,,,7962.621173541408,9.163291195482781,16623.21016351276,optimize_swarm_makespan_mip,12423.767493403537,1.5767533779144287,7962.621173541408,12423.767493403537,,7962.621173541408,,,,,,,,,,,,,,,,,,,,,,,,,,,,,,,,,,,,,,,,,,,,,,,,,,,,,,,,,,,,,,,,,,,,,,,True,True,False,0,,3147.0883610776223,5091.961197454672,Valid solution; no area repair needed.
2026-04-06 16:58:24,20260406-164412,008__squeeze_net_tosa_area-0.50_hwscale-0.10_hwvar-0.50_comm-1.00_seed-49,inputs/task_graph_topology/soda-benchmark-graphs/pytorch-graphs/squeeze_net_tosa.dot,179,0.1,0.5,1.0,0.5,49,878.2221206056221,,,,,,,,,,,,,,,,,,,,,,,,,,,,,,,,,,,,,,,,,,,,,,,,,,,7509.5044567668565,8.550803128926315,15130.757163822995,optimize_swarm_makespan_mip,12601.997056607424,1.586754322052002,7509.5044567668565,12601.997056607424,,7509.5044567668565,,,,,,,,,,,,,,,,,,,,,,,,,,,,,,,,,,,,,,,,,,,,,,,,,,,,,,,,,,,,,,,,,,,,,,,True,True,False,0,,4262.868746103251,4290.336154265554,Valid solution; no area repair needed.
2026-04-06 16:58:26,20260406-164412,009__squeeze_net_tosa_area-0.50_hwscale-0.10_hwvar-0.50_comm-1.00_seed-50,inputs/task_graph_topology/soda-benchmark-graphs/pytorch-graphs/squeeze_net_tosa.dot,179,0.1,0.5,1.0,0.5,50,829.0647762352121,,,,,,,,,,,,,,,,,,,,,,,,,,,,,,,,,,,,,,,,,,,,,,,,,,,8123.179781708126,9.798003744165241,15631.610121345482,optimize_swarm_makespan_mip,11418.759703354544,1.594719409942627,8123.179781708126,11418.759703354544,,8123.179781708126,,,,,,,,,,,,,,,,,,,,,,,,,,,,,,,,,,,,,,,,,,,,,,,,,,,,,,,,,,,,,,,,,,,,,,,True,True,False,0,,3181.6373132299223,4590.195757082063,Valid solution; no area repair needed.
2026-04-06 16:58:28,20260406-164412,010__squeeze_net_tosa_area-0.50_hwscale-0.10_hwvar-0.50_comm-1.00_seed-51,inputs/task_graph_topology/soda-benchmark-graphs/pytorch-graphs/squeeze_net_tosa.dot,179,0.1,0.5,1.0,0.5,51,969.4998945368147,,,,,,,,,,,,,,,,,,,,,,,,,,,,,,,,,,,,,,,,,,,,,,,,,,,8537.825199516685,8.806421999247034,16000.558733680684,optimize_swarm_makespan_mip,11187.823181546435,1.5877256393432617,8537.825199516685,11187.823181546435,,8537.825199516685,,,,,,,,,,,,,,,,,,,,,,,,,,,,,,,,,,,,,,,,,,,,,,,,,,,,,,,,,,,,,,,,,,,,,,,True,True,False,0,,2906.6826748518974,4329.301127246851,Valid solution; no area repair needed.
2026-04-07 08:02:33,20260407-080120,squeeze_net_tosa_area-0.50_hwscale-0.10_hwvar-0.50_comm-1.00_seed-42,inputs/task_graph_topology/soda-benchmark-graphs/pytorch-graphs/squeeze_net_tosa.dot,179,0.1,0.5,1.0,0.5,42,863.2964840752181,,,,,,,,,,,,,,,,,,,,,,,,,,,,,,,,,,,,,,,,,,,,,,,,,,,8642.027254866947,10.01049745282407,11297.942414183548,optimize_swarm_makespan_lssp,8642.027254866947,33.184682846069336,8276.188003685593,8642.027254866947,,8276.188003685593,,,,,,,,,,,,,,,,,,,,,,,,,,,,,,,,,,,,,,,,,,,,,,,,,,,,,,,,,,,,,,,,,,,,,,,True,True,False,0,,1048.3906129894283,4831.909135635894,Valid solution; no area repair needed.
2026-04-07 08:03:11,20260407-080120,squeeze_net_tosa_area-0.50_hwscale-0.10_hwvar-0.50_comm-1.00_seed-43,inputs/task_graph_topology/soda-benchmark-graphs/pytorch-graphs/squeeze_net_tosa.dot,179,0.1,0.5,1.0,0.5,43,924.8477550363816,,,,,,,,,,,,,,,,,,,,,,,,,,,,,,,,,,,,,,,,,,,,,,,,,,,8909.434211349588,9.633406323183548,10246.673186123398,optimize_swarm_makespan_lssp,8909.434211349588,36.305052280426025,8738.14807705705,8909.434211349588,,8738.14807705705,,,,,,,,,,,,,,,,,,,,,,,,,,,,,,,,,,,,,,,,,,,,,,,,,,,,,,,,,,,,,,,,,,,,,,,True,True,False,0,,513.0524509038312,4227.262669600499,Valid solution; no area repair needed.
2026-04-07 08:03:48,20260407-080120,squeeze_net_tosa_area-0.50_hwscale-0.10_hwvar-0.50_comm-1.00_seed-44,inputs/task_graph_topology/soda-benchmark-graphs/pytorch-graphs/squeeze_net_tosa.dot,179,0.1,0.5,1.0,0.5,44,880.3975676869239,,,,,,,,,,,,,,,,,,,,,,,,,,,,,,,,,,,,,,,,,,,,,,,,,,,8456.154115739891,9.60492671277684,10447.233508341935,optimize_swarm_makespan_lssp,8456.154115739891,35.196300745010376,8454.48693027621,8456.154115739891,,8454.48693027621,,,,,,,,,,,,,,,,,,,,,,,,,,,,,,,,,,,,,,,,,,,,,,,,,,,,,,,,,,,,,,,,,,,,,,,True,True,False,0,,628.4272431539049,4392.019511467874,Valid solution; no area repair needed.
2026-04-07 08:04:23,20260407-080120,squeeze_net_tosa_area-0.50_hwscale-0.10_hwvar-0.50_comm-1.00_seed-45,inputs/task_graph_topology/soda-benchmark-graphs/pytorch-graphs/squeeze_net_tosa.dot,179,0.1,0.5,1.0,0.5,45,944.9410604384876,,,,,,,,,,,,,,,,,,,,,,,,,,,,,,,,,,,,,,,,,,,,,,,,,,,9272.722130910472,9.813016408248346,11185.2188537781,optimize_swarm_makespan_lssp,9272.722130910472,34.20180630683899,9324.166251513387,9272.722130910472,,9272.722130910472,,,,,,,,,,,,,,,,,,,,,,,,,,,,,,,,,,,,,,,,,,,,,,,,,,,,,,,,,,,,,,,,,,,,,,,True,True,False,0,,735.1912649997511,4601.8752884145915,Valid solution; no area repair needed.
2026-04-07 08:04:59,20260407-080120,squeeze_net_tosa_area-0.50_hwscale-0.10_hwvar-0.50_comm-1.00_seed-46,inputs/task_graph_topology/soda-benchmark-graphs/pytorch-graphs/squeeze_net_tosa.dot,179,0.1,0.5,1.0,0.5,46,891.069723087352,,,,,,,,,,,,,,,,,,,,,,,,,,,,,,,,,,,,,,,,,,,,,,,,,,,8305.722566376211,9.321069217343386,10749.293658162016,optimize_swarm_makespan_lssp,8305.722566376211,35.18765068054199,8383.089432797085,8305.722566376211,,8305.722566376211,,,,,,,,,,,,,,,,,,,,,,,,,,,,,,,,,,,,,,,,,,,,,,,,,,,,,,,,,,,,,,,,,,,,,,,True,True,False,0,,912.3472589068493,4663.570346349742,Valid solution; no area repair needed.
2026-04-07 08:05:35,20260407-080120,squeeze_net_tosa_area-0.50_hwscale-0.10_hwvar-0.50_comm-1.00_seed-47,inputs/task_graph_topology/soda-benchmark-graphs/pytorch-graphs/squeeze_net_tosa.dot,179,0.1,0.5,1.0,0.5,47,897.9128028241038,,,,,,,,,,,,,,,,,,,,,,,,,,,,,,,,,,,,,,,,,,,,,,,,,,,8673.759537368744,9.659912978284915,10029.078581850246,optimize_swarm_makespan_lssp,8673.759537368744,34.60101008415222,8645.982986626686,8673.759537368744,,8645.982986626686,,,,,,,,,,,,,,,,,,,,,,,,,,,,,,,,,,,,,,,,,,,,,,,,,,,,,,,,,,,,,,,,,,,,,,,True,True,False,0,,497.80425714195246,4700.610616778848,Valid solution; no area repair needed.
2026-04-07 08:06:11,20260407-080120,squeeze_net_tosa_area-0.50_hwscale-0.10_hwvar-0.50_comm-1.00_seed-48,inputs/task_graph_topology/soda-benchmark-graphs/pytorch-graphs/squeeze_net_tosa.dot,179,0.1,0.5,1.0,0.5,48,868.9695660295871,,,,,,,,,,,,,,,,,,,,,,,,,,,,,,,,,,,,,,,,,,,,,,,,,,,8110.875509072196,9.333900548590712,10399.4846658524,optimize_swarm_makespan_lssp,8110.875509072196,34.690654277801514,8132.023806272843,8110.875509072196,,8110.875509072196,,,,,,,,,,,,,,,,,,,,,,,,,,,,,,,,,,,,,,,,,,,,,,,,,,,,,,,,,,,,,,,,,,,,,,,True,True,False,0,,1259.4627908282519,5091.961197454672,Valid solution; no area repair needed.
2026-04-07 08:06:48,20260407-080120,squeeze_net_tosa_area-0.50_hwscale-0.10_hwvar-0.50_comm-1.00_seed-49,inputs/task_graph_topology/soda-benchmark-graphs/pytorch-graphs/squeeze_net_tosa.dot,179,0.1,0.5,1.0,0.5,49,878.2221206056221,,,,,,,,,,,,,,,,,,,,,,,,,,,,,,,,,,,,,,,,,,,,,,,,,,,8611.264232539479,9.805337431720748,10094.033190193379,optimize_swarm_makespan_lssp,8611.264232539479,35.09161138534546,8309.220403276584,8611.264232539479,,8309.220403276584,,,,,,,,,,,,,,,,,,,,,,,,,,,,,,,,,,,,,,,,,,,,,,,,,,,,,,,,,,,,,,,,,,,,,,,True,True,False,0,,811.4991219010773,4290.336154265554,Valid solution; no area repair needed.
2026-04-07 08:07:23,20260407-080120,squeeze_net_tosa_area-0.50_hwscale-0.10_hwvar-0.50_comm-1.00_seed-50,inputs/task_graph_topology/soda-benchmark-graphs/pytorch-graphs/squeeze_net_tosa.dot,179,0.1,0.5,1.0,0.5,50,829.0647762352121,,,,,,,,,,,,,,,,,,,,,,,,,,,,,,,,,,,,,,,,,,,,,,,,,,,8297.31839196354,10.008045969148165,10037.341485252055,optimize_swarm_makespan_lssp,8297.31839196354,33.91753935813904,8255.388281795207,8297.31839196354,,8255.388281795207,,,,,,,,,,,,,,,,,,,,,,,,,,,,,,,,,,,,,,,,,,,,,,,,,,,,,,,,,,,,,,,,,,,,,,,True,True,False,0,,454.5133203534377,4590.195757082063,Valid solution; no area repair needed.
2026-04-07 08:07:52,20260407-080120,squeeze_net_tosa_area-0.50_hwscale-0.10_hwvar-0.50_comm-1.00_seed-51,inputs/task_graph_topology/soda-benchmark-graphs/pytorch-graphs/squeeze_net_tosa.dot,179,0.1,0.5,1.0,0.5,51,969.4998945368147,,,,,,,,,,,,,,,,,,,,,,,,,,,,,,,,,,,,,,,,,,,,,,,,,,,9459.717514075888,9.757316702541091,11972.598195025937,optimize_swarm_makespan_lssp,9459.717514075888,27.89960289001465,9522.945336808658,9459.717514075888,,9459.717514075888,,,,,,,,,,,,,,,,,,,,,,,,,,,,,,,,,,,,,,,,,,,,,,,,,,,,,,,,,,,,,,,,,,,,,,,True,True,False,0,,744.8108959324211,4329.301127246851,Valid solution; no area repair needed.
